{"stats":{"minecraft:killed_by":{"minecraft:zombie":2},"minecraft:crafted":{"minecraft:oak_boat":1,"minecraft:oak_planks":20,"minecraft:crafting_table":1,"minecraft:stick":8,"minecraft:wooden_pickaxe":1,"minecraft:stone_pickaxe":1,"minecraft:furnace":1,"epicfight:stone_greatsword":1,"minecraft:stone_axe":1},"minecraft:used":{"epicfight:skillbook":1,"minecraft:stone_pickaxe":1,"minecraft:wooden_pickaxe":20,"epicfight:stone_greatsword":20,"minecraft:stone_axe":1,"minecraft:crafting_table":2,"minecraft:oak_boat":1},"minecraft:custom":{"minecraft:time_since_rest":124,"minecraft:sprint_one_cm":14574,"minecraft:damage_taken":1995,"minecraft:walk_one_cm":33486,"minecraft:mob_kills":3,"minecraft:damage_dealt":648,"minecraft:interact_with_crafting_table":5,"minecraft:fly_one_cm":38930,"minecraft:crouch_one_cm":1139,"minecraft:play_time":11542,"minecraft:deaths":4,"minecraft:sneak_time":170,"minecraft:walk_under_water_one_cm":6367,"minecraft:boat_one_cm":20561,"minecraft:jump":95,"minecraft:walk_on_water_one_cm":1545,"minecraft:leave_game":2,"minecraft:time_since_death":92,"minecraft:total_world_time":11542,"minecraft:fall_one_cm":18190},"minecraft:picked_up":{"minecraft:crafting_table":2,"epicfight:skillbook":1,"minecraft:oak_log":6,"minecraft:dirt":5,"minecraft:oak_sapling":1,"minecraft:cobblestone":20},"minecraft:mined":{"minecraft:crafting_table":2,"minecraft:grass":6,"minecraft:grass_block":3,"minecraft:oak_log":6,"minecraft:dirt":2,"minecraft:stone":20,"minecraft:oak_leaves":2},"minecraft:killed":{"minecraft:zombie":3}},"DataVersion":3465}